id,date,NO2_pred
1,2024-04-30,8.348245e-05
1,2024-05-01,8.390376e-05
1,2024-05-02,8.444454e-05
1,2024-05-03,8.495187e-05
1,2024-05-04,8.5715874e-05
1,2024-05-05,8.546135e-05
1,2024-05-06,8.6133674e-05
1,2024-05-07,8.6134605e-05
1,2024-05-08,8.6657616e-05
1,2024-05-09,8.7039705e-05
1,2024-05-10,8.736503e-05
1,2024-05-11,8.7488035e-05
1,2024-05-12,8.7631146e-05
1,2024-05-13,8.829292e-05
1,2024-05-14,8.880666e-05
1,2024-05-15,8.881848e-05
2,2024-04-30,8.463031e-05
2,2024-05-01,8.479835e-05
2,2024-05-02,8.5346284e-05
2,2024-05-03,8.548228e-05
2,2024-05-04,8.6061824e-05
2,2024-05-05,8.540713e-05
2,2024-05-06,8.593256e-05
2,2024-05-07,8.585342e-05
2,2024-05-08,8.6424625e-05
2,2024-05-09,8.6264285e-05
2,2024-05-10,8.633431e-05
2,2024-05-11,8.662808e-05
2,2024-05-12,8.6460976e-05
2,2024-05-13,8.70367e-05
2,2024-05-14,8.742314e-05
2,2024-05-15,8.776043e-05
3,2024-04-30,8.575978e-05
3,2024-05-01,8.6266344e-05
3,2024-05-02,8.663228e-05
3,2024-05-03,8.690786e-05
3,2024-05-04,8.722334e-05
3,2024-05-05,8.7187276e-05
3,2024-05-06,8.746903e-05
3,2024-05-07,8.7532164e-05
3,2024-05-08,8.77762e-05
3,2024-05-09,8.7826236e-05
3,2024-05-10,8.79133e-05
3,2024-05-11,8.8096465e-05
3,2024-05-12,8.815885e-05
3,2024-05-13,8.8429326e-05
3,2024-05-14,8.840123e-05
3,2024-05-15,8.84253e-05
4,2024-04-30,7.8558456e-05
4,2024-05-01,7.854653e-05
4,2024-05-02,7.8557816e-05
4,2024-05-03,7.853354e-05
4,2024-05-04,7.865887e-05
4,2024-05-05,7.8222176e-05
4,2024-05-06,7.8228775e-05
4,2024-05-07,7.795824e-05
4,2024-05-08,7.783865e-05
4,2024-05-09,7.7828656e-05
4,2024-05-10,7.7616656e-05
4,2024-05-11,7.7487864e-05
4,2024-05-12,7.726772e-05
4,2024-05-13,7.736096e-05
4,2024-05-14,7.7086755e-05
4,2024-05-15,7.684027e-05
5,2024-04-30,8.596411e-05
5,2024-05-01,8.580828e-05
5,2024-05-02,8.5833744e-05
5,2024-05-03,8.567481e-05
5,2024-05-04,8.5578075e-05
5,2024-05-05,8.5164545e-05
5,2024-05-06,8.513127e-05
5,2024-05-07,8.4949854e-05
5,2024-05-08,8.478378e-05
5,2024-05-09,8.446971e-05
5,2024-05-10,8.4364205e-05
5,2024-05-11,8.4271865e-05
5,2024-05-12,8.404302e-05
5,2024-05-13,8.3954576e-05
5,2024-05-14,8.401955e-05
5,2024-05-15,8.385613e-05
6,2024-04-30,9.289956e-05
6,2024-05-01,9.3283015e-05
6,2024-05-02,9.426969e-05
6,2024-05-03,9.477778e-05
6,2024-05-04,9.593526e-05
6,2024-05-05,9.560373e-05
6,2024-05-06,9.667967e-05
6,2024-05-07,9.7127784e-05
6,2024-05-08,9.787258e-05
6,2024-05-09,9.769086e-05
6,2024-05-10,9.843043e-05
6,2024-05-11,9.9304685e-05
6,2024-05-12,9.9681616e-05
6,2024-05-13,0.00010054372
6,2024-05-14,0.00010190378
6,2024-05-15,0.000102404694
7,2024-04-30,8.672789e-05
7,2024-05-01,8.703781e-05
7,2024-05-02,8.7415836e-05
7,2024-05-03,8.767141e-05
7,2024-05-04,8.806892e-05
7,2024-05-05,8.7992434e-05
7,2024-05-06,8.8346445e-05
7,2024-05-07,8.840608e-05
7,2024-05-08,8.858051e-05
7,2024-05-09,8.840011e-05
7,2024-05-10,8.8546556e-05
7,2024-05-11,8.8830195e-05
7,2024-05-12,8.8927474e-05
7,2024-05-13,8.934333e-05
7,2024-05-14,8.927661e-05
7,2024-05-15,8.930348e-05
8,2024-04-30,8.390724e-05
8,2024-05-01,8.403977e-05
8,2024-05-02,8.413412e-05
8,2024-05-03,8.4190775e-05
8,2024-05-04,8.427152e-05
8,2024-05-05,8.4171545e-05
8,2024-05-06,8.421948e-05
8,2024-05-07,8.4163934e-05
8,2024-05-08,8.4152955e-05
8,2024-05-09,8.407174e-05
8,2024-05-10,8.404129e-05
8,2024-05-11,8.4067964e-05
8,2024-05-12,8.4022744e-05
8,2024-05-13,8.411087e-05
8,2024-05-14,8.3995204e-05
8,2024-05-15,8.3937906e-05
9,2024-04-30,7.755342e-05
9,2024-05-01,7.762245e-05
9,2024-05-02,7.7621116e-05
9,2024-05-03,7.760381e-05
9,2024-05-04,7.780434e-05
9,2024-05-05,7.7330755e-05
9,2024-05-06,7.7364355e-05
9,2024-05-07,7.715361e-05
9,2024-05-08,7.700812e-05
9,2024-05-09,7.6973825e-05
9,2024-05-10,7.679643e-05
9,2024-05-11,7.678923e-05
9,2024-05-12,7.660616e-05
9,2024-05-13,7.686915e-05
9,2024-05-14,7.6383134e-05
9,2024-05-15,7.6102726e-05
10,2024-04-30,8.840425e-05
10,2024-05-01,8.837258e-05
10,2024-05-02,8.833961e-05
10,2024-05-03,8.8241606e-05
10,2024-05-04,8.8034096e-05
10,2024-05-05,8.780546e-05
10,2024-05-06,8.775719e-05
10,2024-05-07,8.763478e-05
10,2024-05-08,8.747628e-05
10,2024-05-09,8.730869e-05
10,2024-05-10,8.730057e-05
10,2024-05-11,8.720682e-05
10,2024-05-12,8.709214e-05
10,2024-05-13,8.7045555e-05
10,2024-05-14,8.69667e-05
10,2024-05-15,8.689073e-05
11,2024-04-30,8.935037e-05
11,2024-05-01,8.925188e-05
11,2024-05-02,8.9371264e-05
11,2024-05-03,8.92931e-05
11,2024-05-04,8.896757e-05
11,2024-05-05,8.851777e-05
11,2024-05-06,8.860023e-05
11,2024-05-07,8.846545e-05
11,2024-05-08,8.822075e-05
11,2024-05-09,8.796793e-05
11,2024-05-10,8.788123e-05
11,2024-05-11,8.765661e-05
11,2024-05-12,8.747246e-05
11,2024-05-13,8.749308e-05
11,2024-05-14,8.7462024e-05
11,2024-05-15,8.734733e-05
12,2024-04-30,8.847787e-05
12,2024-05-01,8.8444496e-05
12,2024-05-02,8.881055e-05
12,2024-05-03,8.884545e-05
12,2024-05-04,8.867229e-05
12,2024-05-05,8.809717e-05
12,2024-05-06,8.83751e-05
12,2024-05-07,8.8307694e-05
12,2024-05-08,8.8192966e-05
12,2024-05-09,8.7907654e-05
12,2024-05-10,8.7873406e-05
12,2024-05-11,8.763928e-05
12,2024-05-12,8.741938e-05
12,2024-05-13,8.749717e-05
12,2024-05-14,8.789032e-05
12,2024-05-15,8.777293e-05
13,2024-04-30,8.872823e-05
13,2024-05-01,8.8746594e-05
13,2024-05-02,8.890243e-05
13,2024-05-03,8.892405e-05
13,2024-05-04,8.911221e-05
13,2024-05-05,8.891276e-05
13,2024-05-06,8.901186e-05
13,2024-05-07,8.89788e-05
13,2024-05-08,8.8985806e-05
13,2024-05-09,8.881949e-05
13,2024-05-10,8.882059e-05
13,2024-05-11,8.8763474e-05
13,2024-05-12,8.870704e-05
13,2024-05-13,8.87422e-05
13,2024-05-14,8.888767e-05
13,2024-05-15,8.8848145e-05
14,2024-04-30,8.568525e-05
14,2024-05-01,8.567456e-05
14,2024-05-02,8.582804e-05
14,2024-05-03,8.5843385e-05
14,2024-05-04,8.618274e-05
14,2024-05-05,8.590919e-05
14,2024-05-06,8.6076376e-05
14,2024-05-07,8.5955304e-05
14,2024-05-08,8.594786e-05
14,2024-05-09,8.55691e-05
14,2024-05-10,8.5528925e-05
14,2024-05-11,8.552326e-05
14,2024-05-12,8.547328e-05
14,2024-05-13,8.5637315e-05
14,2024-05-14,8.563391e-05
14,2024-05-15,8.550955e-05
15,2024-04-30,8.6977154e-05
15,2024-05-01,8.727352e-05
15,2024-05-02,8.768825e-05
15,2024-05-03,8.804999e-05
15,2024-05-04,8.856356e-05
15,2024-05-05,8.860616e-05
15,2024-05-06,8.9013e-05
15,2024-05-07,8.917049e-05
15,2024-05-08,8.941831e-05
15,2024-05-09,8.9366054e-05
15,2024-05-10,8.9581285e-05
15,2024-05-11,8.991503e-05
15,2024-05-12,9.009029e-05
15,2024-05-13,9.06074e-05
15,2024-05-14,9.058164e-05
15,2024-05-15,9.067877e-05
16,2024-04-30,7.9325175e-05
16,2024-05-01,7.924104e-05
16,2024-05-02,7.9199424e-05
16,2024-05-03,7.915283e-05
16,2024-05-04,7.915341e-05
16,2024-05-05,7.877395e-05
16,2024-05-06,7.8780045e-05
16,2024-05-07,7.858029e-05
16,2024-05-08,7.8435885e-05
16,2024-05-09,7.8345896e-05
16,2024-05-10,7.814909e-05
16,2024-05-11,7.8121746e-05
16,2024-05-12,7.7947974e-05
16,2024-05-13,7.81857e-05
16,2024-05-14,7.779923e-05
16,2024-05-15,7.756729e-05
17,2024-04-30,9.050824e-05
17,2024-05-01,9.0297246e-05
17,2024-05-02,8.992228e-05
17,2024-05-03,8.9495195e-05
17,2024-05-04,8.900966e-05
17,2024-05-05,8.844824e-05
17,2024-05-06,8.824289e-05
17,2024-05-07,8.777549e-05
17,2024-05-08,8.730487e-05
17,2024-05-09,8.672617e-05
17,2024-05-10,8.6262546e-05
17,2024-05-11,8.589638e-05
17,2024-05-12,8.555672e-05
17,2024-05-13,8.525401e-05
17,2024-05-14,8.492568e-05
17,2024-05-15,8.44746e-05
18,2024-04-30,9.21209e-05
18,2024-05-01,9.210813e-05
18,2024-05-02,9.217245e-05
18,2024-05-03,9.202382e-05
18,2024-05-04,9.170402e-05
18,2024-05-05,9.117358e-05
18,2024-05-06,9.1224545e-05
18,2024-05-07,9.0985995e-05
18,2024-05-08,9.0615e-05
18,2024-05-09,9.007809e-05
18,2024-05-10,8.984963e-05
18,2024-05-11,8.9529545e-05
18,2024-05-12,8.931996e-05
18,2024-05-13,8.925653e-05
18,2024-05-14,8.911623e-05
18,2024-05-15,8.871812e-05
19,2024-04-30,9.2267306e-05
19,2024-05-01,9.214723e-05
19,2024-05-02,9.211025e-05
19,2024-05-03,9.194149e-05
19,2024-05-04,9.1646914e-05
19,2024-05-05,9.1234455e-05
19,2024-05-06,9.115376e-05
19,2024-05-07,9.094559e-05
19,2024-05-08,9.067399e-05
19,2024-05-09,9.032787e-05
19,2024-05-10,9.015968e-05
19,2024-05-11,8.9880305e-05
19,2024-05-12,8.969092e-05
19,2024-05-13,8.959477e-05
19,2024-05-14,8.955778e-05
19,2024-05-15,8.932152e-05
20,2024-04-30,9.100196e-05
20,2024-05-01,9.113833e-05
20,2024-05-02,9.1344795e-05
20,2024-05-03,9.142741e-05
20,2024-05-04,9.1582326e-05
20,2024-05-05,9.145966e-05
20,2024-05-06,9.157134e-05
20,2024-05-07,9.157216e-05
20,2024-05-08,9.158977e-05
20,2024-05-09,9.149491e-05
20,2024-05-10,9.152431e-05
20,2024-05-11,9.147311e-05
20,2024-05-12,9.14725e-05
20,2024-05-13,9.153147e-05
20,2024-05-14,9.1658985e-05
20,2024-05-15,9.1601214e-05
21,2024-04-30,9.204438e-05
21,2024-05-01,9.2376766e-05
21,2024-05-02,9.290074e-05
21,2024-05-03,9.330572e-05
21,2024-05-04,9.4126255e-05
21,2024-05-05,9.41318e-05
21,2024-05-06,9.473315e-05
21,2024-05-07,9.499768e-05
21,2024-05-08,9.539817e-05
21,2024-05-09,9.535351e-05
21,2024-05-10,9.571565e-05
21,2024-05-11,9.5901065e-05
21,2024-05-12,9.619781e-05
21,2024-05-13,9.660855e-05
21,2024-05-14,9.723337e-05
21,2024-05-15,9.739164e-05
22,2024-04-30,8.5993204e-05
22,2024-05-01,8.610142e-05
22,2024-05-02,8.6384294e-05
22,2024-05-03,8.657578e-05
22,2024-05-04,8.704659e-05
22,2024-05-05,8.6879874e-05
22,2024-05-06,8.7193686e-05
22,2024-05-07,8.717777e-05
22,2024-05-08,8.7289816e-05
22,2024-05-09,8.7025765e-05
22,2024-05-10,8.710712e-05
22,2024-05-11,8.723455e-05
22,2024-05-12,8.72918e-05
22,2024-05-13,8.7788285e-05
22,2024-05-14,8.760805e-05
22,2024-05-15,8.761261e-05
23,2024-04-30,8.522625e-05
23,2024-05-01,8.531461e-05
23,2024-05-02,8.569741e-05
23,2024-05-03,8.609088e-05
23,2024-05-04,8.67062e-05
23,2024-05-05,8.645823e-05
23,2024-05-06,8.702389e-05
23,2024-05-07,8.717851e-05
23,2024-05-08,8.743846e-05
23,2024-05-09,8.741111e-05
23,2024-05-10,8.7540175e-05
23,2024-05-11,8.7777065e-05
23,2024-05-12,8.7918204e-05
23,2024-05-13,8.8935354e-05
23,2024-05-14,8.870586e-05
23,2024-05-15,8.8735396e-05
24,2024-04-30,7.826238e-05
24,2024-05-01,7.813133e-05
24,2024-05-02,7.802795e-05
24,2024-05-03,7.7932586e-05
24,2024-05-04,7.784834e-05
24,2024-05-05,7.760254e-05
24,2024-05-06,7.757708e-05
24,2024-05-07,7.7454446e-05
24,2024-05-08,7.731452e-05
24,2024-05-09,7.722812e-05
24,2024-05-10,7.706817e-05
24,2024-05-11,7.6960554e-05
24,2024-05-12,7.686479e-05
24,2024-05-13,7.6979486e-05
24,2024-05-14,7.668957e-05
24,2024-05-15,7.655292e-05
25,2024-04-30,9.278944e-05
25,2024-05-01,9.23646e-05
25,2024-05-02,9.209824e-05
25,2024-05-03,9.174897e-05
25,2024-05-04,9.1427355e-05
25,2024-05-05,9.09411e-05
25,2024-05-06,9.063765e-05
25,2024-05-07,9.0278394e-05
25,2024-05-08,8.9878624e-05
25,2024-05-09,8.940795e-05
25,2024-05-10,8.911167e-05
25,2024-05-11,8.876527e-05
25,2024-05-12,8.8509405e-05
25,2024-05-13,8.8295594e-05
25,2024-05-14,8.806938e-05
25,2024-05-15,8.777494e-05
26,2024-04-30,9.116189e-05
26,2024-05-01,9.129224e-05
26,2024-05-02,9.1595364e-05
26,2024-05-03,9.163624e-05
26,2024-05-04,9.182859e-05
26,2024-05-05,9.1456124e-05
26,2024-05-06,9.1533904e-05
26,2024-05-07,9.1437876e-05
26,2024-05-08,9.130552e-05
26,2024-05-09,9.0865615e-05
26,2024-05-10,9.07896e-05
26,2024-05-11,9.0517446e-05
26,2024-05-12,9.0462585e-05
26,2024-05-13,9.048521e-05
26,2024-05-14,9.031614e-05
26,2024-05-15,9.0065405e-05
27,2024-04-30,9.674516e-05
27,2024-05-01,9.726715e-05
27,2024-05-02,9.7976575e-05
27,2024-05-03,9.853052e-05
27,2024-05-04,9.943963e-05
27,2024-05-05,9.959871e-05
27,2024-05-06,0.0001000901
27,2024-05-07,0.000100487436
27,2024-05-08,0.00010096602
27,2024-05-09,0.00010113041
27,2024-05-10,0.000101607
27,2024-05-11,0.00010178446
27,2024-05-12,0.00010221979
27,2024-05-13,0.000102669255
27,2024-05-14,0.0001029498
27,2024-05-15,0.0001031029
28,2024-04-30,9.1832524e-05
28,2024-05-01,9.1996975e-05
28,2024-05-02,9.2537295e-05
28,2024-05-03,9.295371e-05
28,2024-05-04,9.40185e-05
28,2024-05-05,9.4069765e-05
28,2024-05-06,9.455258e-05
28,2024-05-07,9.487878e-05
28,2024-05-08,9.542525e-05
28,2024-05-09,9.544814e-05
28,2024-05-10,9.601652e-05
28,2024-05-11,9.650515e-05
28,2024-05-12,9.700649e-05
28,2024-05-13,9.793043e-05
28,2024-05-14,9.8119956e-05
28,2024-05-15,9.8609555e-05
29,2024-04-30,9.2924136e-05
29,2024-05-01,9.342026e-05
29,2024-05-02,9.388789e-05
29,2024-05-03,9.419419e-05
29,2024-05-04,9.4704395e-05
29,2024-05-05,9.4626695e-05
29,2024-05-06,9.4832794e-05
29,2024-05-07,9.4998344e-05
29,2024-05-08,9.513347e-05
29,2024-05-09,9.5017094e-05
29,2024-05-10,9.51133e-05
29,2024-05-11,9.511144e-05
29,2024-05-12,9.525253e-05
29,2024-05-13,9.5463656e-05
29,2024-05-14,9.542013e-05
29,2024-05-15,9.53549e-05
30,2024-04-30,9.23402e-05
30,2024-05-01,9.284933e-05
30,2024-05-02,9.349781e-05
30,2024-05-03,9.4005736e-05
30,2024-05-04,9.488403e-05
30,2024-05-05,9.5015734e-05
30,2024-05-06,9.536755e-05
30,2024-05-07,9.579171e-05
30,2024-05-08,9.625947e-05
30,2024-05-09,9.6353375e-05
30,2024-05-10,9.6798365e-05
30,2024-05-11,9.716435e-05
30,2024-05-12,9.759176e-05
30,2024-05-13,9.814742e-05
30,2024-05-14,9.829144e-05
30,2024-05-15,9.855624e-05
